timestamp,user,ip,action,path,dest_path
2025-11-09 16:17:19,Link,192.168.56.1,CREATED,D:/link/Documents\TESTING\test1\file1,
2025-11-09 16:17:19,Link,192.168.56.1,MODIFIED,D:/link/Documents\TESTING\test1,
2025-11-09 16:17:19,Link,192.168.56.1,MODIFIED,D:/link/Documents\TESTING\test1\file1,
2025-11-09 16:17:19,Link,192.168.56.1,CREATED,D:/link/Documents\TESTING\test1\file2,
2025-11-09 16:17:19,Link,192.168.56.1,MODIFIED,D:/link/Documents\TESTING\test1,
2025-11-09 16:17:19,Link,192.168.56.1,MODIFIED,D:/link/Documents\TESTING\test1\file2,
2025-11-09 16:17:19,Link,192.168.56.1,CREATED,D:/link/Documents\TESTING\test1\file3,
2025-11-09 16:17:19,Link,192.168.56.1,MODIFIED,D:/link/Documents\TESTING\test1,
2025-11-09 16:17:19,Link,192.168.56.1,MODIFIED,D:/link/Documents\TESTING\test1\file3,
2025-11-09 16:17:19,Link,192.168.56.1,CREATED,D:/link/Documents\TESTING\test1\file4,
2025-11-09 16:17:19,Link,192.168.56.1,MODIFIED,D:/link/Documents\TESTING\test1,
2025-11-09 16:17:19,Link,192.168.56.1,MODIFIED,D:/link/Documents\TESTING\test1\file4,
2025-11-09 16:17:19,Link,192.168.56.1,CREATED,D:/link/Documents\TESTING\test1\file5,
2025-11-09 16:17:19,Link,192.168.56.1,MODIFIED,D:/link/Documents\TESTING\test1\file5,
2025-11-09 16:17:19,Link,192.168.56.1,MODIFIED,D:/link/Documents\TESTING\test1,
2025-11-09 16:17:19,Link,192.168.56.1,CREATED,D:/link/Documents\TESTING\test1\file6,
2025-11-09 16:17:19,Link,192.168.56.1,MODIFIED,D:/link/Documents\TESTING\test1,
2025-11-09 16:17:19,Link,192.168.56.1,MODIFIED,D:/link/Documents\TESTING\test1\file6,
2025-11-09 16:17:19,Link,192.168.56.1,CREATED,D:/link/Documents\TESTING\test1\file7,
2025-11-09 16:17:19,Link,192.168.56.1,MODIFIED,D:/link/Documents\TESTING\test1,
2025-11-09 16:17:19,Link,192.168.56.1,MODIFIED,D:/link/Documents\TESTING\test1\file7,
2025-11-09 16:17:19,Link,192.168.56.1,CREATED,D:/link/Documents\TESTING\test1\file8,
2025-11-09 16:17:19,Link,192.168.56.1,MODIFIED,D:/link/Documents\TESTING\test1,
2025-11-09 16:17:19,Link,192.168.56.1,MODIFIED,D:/link/Documents\TESTING\test1\file8,
2025-11-09 16:17:19,Link,192.168.56.1,CREATED,D:/link/Documents\TESTING\test1\file9,
2025-11-09 16:17:19,Link,192.168.56.1,MODIFIED,D:/link/Documents\TESTING\test1,
2025-11-09 16:17:19,Link,192.168.56.1,MODIFIED,D:/link/Documents\TESTING\test1\file9,
2025-11-09 16:17:19,Link,192.168.56.1,CREATED,D:/link/Documents\TESTING\test1\file10,
2025-11-09 16:17:19,Link,192.168.56.1,MODIFIED,D:/link/Documents\TESTING\test1,
2025-11-09 16:17:19,Link,192.168.56.1,MODIFIED,D:/link/Documents\TESTING\test1\file10,
2025-11-09 16:17:19,Link,192.168.56.1,CREATED,D:/link/Documents\TESTING\test1\file11,
2025-11-09 16:17:19,Link,192.168.56.1,MODIFIED,D:/link/Documents\TESTING\test1,
2025-11-09 16:17:19,Link,192.168.56.1,MODIFIED,D:/link/Documents\TESTING\test1\file11,
2025-11-09 16:17:19,Link,192.168.56.1,CREATED,D:/link/Documents\TESTING\test1\file12,
2025-11-09 16:17:19,Link,192.168.56.1,MODIFIED,D:/link/Documents\TESTING\test1\file12,
2025-11-09 16:17:19,Link,192.168.56.1,MODIFIED,D:/link/Documents\TESTING\test1,
2025-11-09 16:17:19,Link,192.168.56.1,CREATED,D:/link/Documents\TESTING\test1\file13,
2025-11-09 16:17:19,Link,192.168.56.1,MODIFIED,D:/link/Documents\TESTING\test1,
2025-11-09 16:17:19,Link,192.168.56.1,MODIFIED,D:/link/Documents\TESTING\test1\file13,
2025-11-09 16:17:19,Link,192.168.56.1,CREATED,D:/link/Documents\TESTING\test1\file14,
2025-11-09 16:17:20,Link,192.168.56.1,MODIFIED,D:/link/Documents\TESTING\test1\file14,
2025-11-09 16:17:20,Link,192.168.56.1,MODIFIED,D:/link/Documents\TESTING\test1,
2025-11-09 16:17:20,Link,192.168.56.1,CREATED,D:/link/Documents\TESTING\test1\file15,
2025-11-09 16:17:20,Link,192.168.56.1,MODIFIED,D:/link/Documents\TESTING\test1,
2025-11-09 16:17:20,Link,192.168.56.1,MODIFIED,D:/link/Documents\TESTING\test1\file15,
2025-11-09 16:17:20,Link,192.168.56.1,CREATED,D:/link/Documents\TESTING\test1\file16,
2025-11-09 16:17:20,Link,192.168.56.1,MODIFIED,D:/link/Documents\TESTING\test1,
2025-11-09 16:17:20,Link,192.168.56.1,MODIFIED,D:/link/Documents\TESTING\test1\file16,
2025-11-09 16:17:20,Link,192.168.56.1,CREATED,D:/link/Documents\TESTING\test1\file17,
2025-11-09 16:17:20,Link,192.168.56.1,MODIFIED,D:/link/Documents\TESTING\test1,
2025-11-09 16:17:20,Link,192.168.56.1,MODIFIED,D:/link/Documents\TESTING\test1\file17,
2025-11-09 16:17:20,Link,192.168.56.1,CREATED,D:/link/Documents\TESTING\test1\file18,
2025-11-09 16:17:20,Link,192.168.56.1,MODIFIED,D:/link/Documents\TESTING\test1,
2025-11-09 16:17:20,Link,192.168.56.1,MODIFIED,D:/link/Documents\TESTING\test1\file18,
2025-11-09 16:17:20,Link,192.168.56.1,CREATED,D:/link/Documents\TESTING\test1\file19,
2025-11-09 16:17:20,Link,192.168.56.1,MODIFIED,D:/link/Documents\TESTING\test1\file19,
2025-11-09 16:17:20,Link,192.168.56.1,MODIFIED,D:/link/Documents\TESTING\test1,
2025-11-09 16:17:20,Link,192.168.56.1,CREATED,D:/link/Documents\TESTING\test1\file20,
2025-11-09 16:17:20,Link,192.168.56.1,MODIFIED,D:/link/Documents\TESTING\test1,
2025-11-09 16:17:20,Link,192.168.56.1,MODIFIED,D:/link/Documents\TESTING\test1\file20,
2025-11-09 16:17:20,Link,192.168.56.1,CREATED,D:/link/Documents\TESTING\test1\file21,
2025-11-09 16:17:20,Link,192.168.56.1,MODIFIED,D:/link/Documents\TESTING\test1,
2025-11-09 16:17:20,Link,192.168.56.1,MODIFIED,D:/link/Documents\TESTING\test1\file21,
2025-11-09 16:17:20,Link,192.168.56.1,CREATED,D:/link/Documents\TESTING\test1\file22,
2025-11-09 16:17:20,Link,192.168.56.1,MODIFIED,D:/link/Documents\TESTING\test1\file22,
2025-11-09 16:17:20,Link,192.168.56.1,MODIFIED,D:/link/Documents\TESTING\test1,
2025-11-09 16:17:20,Link,192.168.56.1,CREATED,D:/link/Documents\TESTING\test1\file23,
2025-11-09 16:17:20,Link,192.168.56.1,MODIFIED,D:/link/Documents\TESTING\test1,
2025-11-09 16:17:20,Link,192.168.56.1,MODIFIED,D:/link/Documents\TESTING\test1\file23,
2025-11-09 16:17:20,Link,192.168.56.1,CREATED,D:/link/Documents\TESTING\test1\file24,
2025-11-09 16:17:20,Link,192.168.56.1,MODIFIED,D:/link/Documents\TESTING\test1,
2025-11-09 16:17:20,Link,192.168.56.1,MODIFIED,D:/link/Documents\TESTING\test1\file24,
2025-11-09 16:17:20,Link,192.168.56.1,CREATED,D:/link/Documents\TESTING\test1\file25,
2025-11-09 16:17:20,Link,192.168.56.1,MODIFIED,D:/link/Documents\TESTING\test1\file25,
2025-11-09 16:17:20,Link,192.168.56.1,MODIFIED,D:/link/Documents\TESTING\test1,
2025-11-09 16:17:20,Link,192.168.56.1,CREATED,D:/link/Documents\TESTING\test1\file26,
2025-11-09 16:17:20,Link,192.168.56.1,MODIFIED,D:/link/Documents\TESTING\test1,
2025-11-09 16:17:20,Link,192.168.56.1,MODIFIED,D:/link/Documents\TESTING\test1\file26,
2025-11-09 16:17:20,Link,192.168.56.1,CREATED,D:/link/Documents\TESTING\test1\file27,
2025-11-09 16:17:20,Link,192.168.56.1,MODIFIED,D:/link/Documents\TESTING\test1,
2025-11-09 16:17:20,Link,192.168.56.1,MODIFIED,D:/link/Documents\TESTING\test1\file27,
2025-11-09 16:17:20,Link,192.168.56.1,CREATED,D:/link/Documents\TESTING\test1\file28,
2025-11-09 16:17:20,Link,192.168.56.1,MODIFIED,D:/link/Documents\TESTING\test1,
2025-11-09 16:17:20,Link,192.168.56.1,MODIFIED,D:/link/Documents\TESTING\test1\file28,
2025-11-09 16:17:20,Link,192.168.56.1,CREATED,D:/link/Documents\TESTING\test1\file29,
2025-11-09 16:17:20,Link,192.168.56.1,MODIFIED,D:/link/Documents\TESTING\test1\file29,
2025-11-09 16:17:20,Link,192.168.56.1,MODIFIED,D:/link/Documents\TESTING\test1,
2025-11-09 16:17:20,Link,192.168.56.1,CREATED,D:/link/Documents\TESTING\test1\file30,
2025-11-09 16:17:20,Link,192.168.56.1,MODIFIED,D:/link/Documents\TESTING\test1,
2025-11-09 16:17:20,Link,192.168.56.1,MODIFIED,D:/link/Documents\TESTING\test1\file30,
2025-11-09 16:17:20,Link,192.168.56.1,CREATED,D:/link/Documents\TESTING\test1\file31,
2025-11-09 16:17:20,Link,192.168.56.1,MODIFIED,D:/link/Documents\TESTING\test1,
2025-11-09 16:17:20,Link,192.168.56.1,MODIFIED,D:/link/Documents\TESTING\test1\file31,
2025-11-09 16:17:20,Link,192.168.56.1,CREATED,D:/link/Documents\TESTING\test1\file32,
2025-11-09 16:17:20,Link,192.168.56.1,MODIFIED,D:/link/Documents\TESTING\test1,
2025-11-09 16:17:20,Link,192.168.56.1,MODIFIED,D:/link/Documents\TESTING\test1\file32,
2025-11-09 16:17:20,Link,192.168.56.1,CREATED,D:/link/Documents\TESTING\test1\file33,
2025-11-09 16:17:20,Link,192.168.56.1,MODIFIED,D:/link/Documents\TESTING\test1\file33,
2025-11-09 16:17:20,Link,192.168.56.1,MODIFIED,D:/link/Documents\TESTING\test1,
2025-11-09 16:17:20,Link,192.168.56.1,CREATED,D:/link/Documents\TESTING\test1\file34,
2025-11-09 16:17:20,Link,192.168.56.1,MODIFIED,D:/link/Documents\TESTING\test1,
2025-11-09 16:17:20,Link,192.168.56.1,MODIFIED,D:/link/Documents\TESTING\test1\file34,
2025-11-09 16:17:20,Link,192.168.56.1,CREATED,D:/link/Documents\TESTING\test1\file35,
2025-11-09 16:17:20,Link,192.168.56.1,MODIFIED,D:/link/Documents\TESTING\test1,
2025-11-09 16:17:20,Link,192.168.56.1,MODIFIED,D:/link/Documents\TESTING\test1\file35,
2025-11-09 16:17:20,Link,192.168.56.1,CREATED,D:/link/Documents\TESTING\test1\file36,
2025-11-09 16:17:20,Link,192.168.56.1,MODIFIED,D:/link/Documents\TESTING\test1,
2025-11-09 16:17:20,Link,192.168.56.1,MODIFIED,D:/link/Documents\TESTING\test1\file36,
2025-11-09 16:17:20,Link,192.168.56.1,CREATED,D:/link/Documents\TESTING\test1\file37,
2025-11-09 16:17:20,Link,192.168.56.1,MODIFIED,D:/link/Documents\TESTING\test1,
2025-11-09 16:17:20,Link,192.168.56.1,MODIFIED,D:/link/Documents\TESTING\test1\file37,
2025-11-09 16:17:20,Link,192.168.56.1,CREATED,D:/link/Documents\TESTING\test1\file38,
2025-11-09 16:17:20,Link,192.168.56.1,MODIFIED,D:/link/Documents\TESTING\test1\file38,
2025-11-09 16:17:20,Link,192.168.56.1,MODIFIED,D:/link/Documents\TESTING\test1,
2025-11-09 16:17:20,Link,192.168.56.1,CREATED,D:/link/Documents\TESTING\test1\file39,
2025-11-09 16:17:20,Link,192.168.56.1,MODIFIED,D:/link/Documents\TESTING\test1,
2025-11-09 16:17:20,Link,192.168.56.1,MODIFIED,D:/link/Documents\TESTING\test1\file39,
2025-11-09 16:17:21,Link,192.168.56.1,CREATED,D:/link/Documents\TESTING\test1\file40,
2025-11-09 16:17:21,Link,192.168.56.1,MODIFIED,D:/link/Documents\TESTING\test1,
2025-11-09 16:17:21,Link,192.168.56.1,MODIFIED,D:/link/Documents\TESTING\test1\file40,
2025-11-09 16:17:21,Link,192.168.56.1,CREATED,D:/link/Documents\TESTING\test1\file41,
2025-11-09 16:17:21,Link,192.168.56.1,MODIFIED,D:/link/Documents\TESTING\test1,
2025-11-09 16:17:21,Link,192.168.56.1,MODIFIED,D:/link/Documents\TESTING\test1\file41,
2025-11-09 16:17:21,Link,192.168.56.1,CREATED,D:/link/Documents\TESTING\test1\file42,
2025-11-09 16:17:21,Link,192.168.56.1,MODIFIED,D:/link/Documents\TESTING\test1,
2025-11-09 16:17:21,Link,192.168.56.1,MODIFIED,D:/link/Documents\TESTING\test1\file42,
2025-11-09 16:17:21,Link,192.168.56.1,CREATED,D:/link/Documents\TESTING\test1\file43,
2025-11-09 16:17:21,Link,192.168.56.1,MODIFIED,D:/link/Documents\TESTING\test1,
2025-11-09 16:17:21,Link,192.168.56.1,MODIFIED,D:/link/Documents\TESTING\test1\file43,
2025-11-09 16:17:21,Link,192.168.56.1,CREATED,D:/link/Documents\TESTING\test1\file44,
2025-11-09 16:17:21,Link,192.168.56.1,MODIFIED,D:/link/Documents\TESTING\test1,
2025-11-09 16:17:21,Link,192.168.56.1,MODIFIED,D:/link/Documents\TESTING\test1\file44,
2025-11-09 16:17:21,Link,192.168.56.1,CREATED,D:/link/Documents\TESTING\test1\file45,
2025-11-09 16:17:21,Link,192.168.56.1,MODIFIED,D:/link/Documents\TESTING\test1\file45,
2025-11-09 16:17:21,Link,192.168.56.1,MODIFIED,D:/link/Documents\TESTING\test1,
2025-11-09 16:17:21,Link,192.168.56.1,CREATED,D:/link/Documents\TESTING\test1\file46,
2025-11-09 16:17:21,Link,192.168.56.1,MODIFIED,D:/link/Documents\TESTING\test1,
2025-11-09 16:17:21,Link,192.168.56.1,MODIFIED,D:/link/Documents\TESTING\test1\file46,
2025-11-09 16:17:21,Link,192.168.56.1,CREATED,D:/link/Documents\TESTING\test1\file47,
2025-11-09 16:17:21,Link,192.168.56.1,MODIFIED,D:/link/Documents\TESTING\test1,
2025-11-09 16:17:21,Link,192.168.56.1,MODIFIED,D:/link/Documents\TESTING\test1\file47,
2025-11-09 16:17:21,Link,192.168.56.1,CREATED,D:/link/Documents\TESTING\test1\file48,
2025-11-09 16:17:21,Link,192.168.56.1,MODIFIED,D:/link/Documents\TESTING\test1,
2025-11-09 16:17:21,Link,192.168.56.1,MODIFIED,D:/link/Documents\TESTING\test1\file48,
2025-11-09 16:17:21,Link,192.168.56.1,CREATED,D:/link/Documents\TESTING\test1\file49,
2025-11-09 16:17:21,Link,192.168.56.1,MODIFIED,D:/link/Documents\TESTING\test1,
2025-11-09 16:17:21,Link,192.168.56.1,MODIFIED,D:/link/Documents\TESTING\test1\file49,
2025-11-09 16:17:21,Link,192.168.56.1,CREATED,D:/link/Documents\TESTING\test1\file50,
2025-11-09 16:17:21,Link,192.168.56.1,MODIFIED,D:/link/Documents\TESTING\test1,
2025-11-09 16:17:21,Link,192.168.56.1,MODIFIED,D:/link/Documents\TESTING\test1\file50,
2025-11-09 16:17:21,Link,192.168.56.1,CREATED,D:/link/Documents\TESTING\test1\file51,
2025-11-09 16:17:21,Link,192.168.56.1,MODIFIED,D:/link/Documents\TESTING\test1,
2025-11-09 16:17:21,Link,192.168.56.1,MODIFIED,D:/link/Documents\TESTING\test1\file51,
2025-11-09 16:17:21,Link,192.168.56.1,CREATED,D:/link/Documents\TESTING\test1\file52,
2025-11-09 16:17:21,Link,192.168.56.1,MODIFIED,D:/link/Documents\TESTING\test1\file52,
2025-11-09 16:17:21,Link,192.168.56.1,MODIFIED,D:/link/Documents\TESTING\test1,
2025-11-09 16:17:21,Link,192.168.56.1,CREATED,D:/link/Documents\TESTING\test1\file53,
2025-11-09 16:17:21,Link,192.168.56.1,MODIFIED,D:/link/Documents\TESTING\test1,
2025-11-09 16:17:21,Link,192.168.56.1,MODIFIED,D:/link/Documents\TESTING\test1\file53,
2025-11-09 16:17:21,Link,192.168.56.1,CREATED,D:/link/Documents\TESTING\test1\file54,
2025-11-09 16:17:21,Link,192.168.56.1,MODIFIED,D:/link/Documents\TESTING\test1,
2025-11-09 16:17:21,Link,192.168.56.1,MODIFIED,D:/link/Documents\TESTING\test1\file54,
2025-11-09 16:17:21,Link,192.168.56.1,CREATED,D:/link/Documents\TESTING\test1\file55,
2025-11-09 16:17:21,Link,192.168.56.1,MODIFIED,D:/link/Documents\TESTING\test1,
2025-11-09 16:17:21,Link,192.168.56.1,MODIFIED,D:/link/Documents\TESTING\test1\file55,
2025-11-09 16:19:58,Link,192.168.56.1,DELETED,D:/link/Documents\TESTING\test1\file1,
2025-11-09 16:19:58,Link,192.168.56.1,MODIFIED,D:/link/Documents\TESTING\test1,
2025-11-09 16:19:58,Link,192.168.56.1,DELETED,D:/link/Documents\TESTING\test1\file2,
2025-11-09 16:19:58,Link,192.168.56.1,MODIFIED,D:/link/Documents\TESTING\test1,
2025-11-09 16:19:58,Link,192.168.56.1,DELETED,D:/link/Documents\TESTING\test1\file3,
2025-11-09 16:19:58,Link,192.168.56.1,MODIFIED,D:/link/Documents\TESTING\test1,
2025-11-09 16:19:58,Link,192.168.56.1,DELETED,D:/link/Documents\TESTING\test1\file4,
2025-11-09 16:19:58,Link,192.168.56.1,MODIFIED,D:/link/Documents\TESTING\test1,
2025-11-09 16:19:58,Link,192.168.56.1,DELETED,D:/link/Documents\TESTING\test1\file5,
2025-11-09 16:19:58,Link,192.168.56.1,MODIFIED,D:/link/Documents\TESTING\test1,
2025-11-09 16:19:58,Link,192.168.56.1,DELETED,D:/link/Documents\TESTING\test1\file6,
2025-11-09 16:19:58,Link,192.168.56.1,MODIFIED,D:/link/Documents\TESTING\test1,
2025-11-09 16:19:58,Link,192.168.56.1,DELETED,D:/link/Documents\TESTING\test1\file7,
2025-11-09 16:19:58,Link,192.168.56.1,MODIFIED,D:/link/Documents\TESTING\test1,
2025-11-09 16:19:58,Link,192.168.56.1,DELETED,D:/link/Documents\TESTING\test1\file8,
2025-11-09 16:19:58,Link,192.168.56.1,MODIFIED,D:/link/Documents\TESTING\test1,
2025-11-09 16:19:58,Link,192.168.56.1,DELETED,D:/link/Documents\TESTING\test1\file9,
2025-11-09 16:19:58,Link,192.168.56.1,MODIFIED,D:/link/Documents\TESTING\test1,
2025-11-09 16:19:58,Link,192.168.56.1,DELETED,D:/link/Documents\TESTING\test1\file10,
2025-11-09 16:19:58,Link,192.168.56.1,MODIFIED,D:/link/Documents\TESTING\test1,
2025-11-09 16:19:58,Link,192.168.56.1,DELETED,D:/link/Documents\TESTING\test1\file11,
2025-11-09 16:19:58,Link,192.168.56.1,MODIFIED,D:/link/Documents\TESTING\test1,
2025-11-09 16:19:58,Link,192.168.56.1,DELETED,D:/link/Documents\TESTING\test1\file12,
2025-11-09 16:19:58,Link,192.168.56.1,MODIFIED,D:/link/Documents\TESTING\test1,
2025-11-09 16:19:58,Link,192.168.56.1,DELETED,D:/link/Documents\TESTING\test1\file13,
2025-11-09 16:19:58,Link,192.168.56.1,MODIFIED,D:/link/Documents\TESTING\test1,
2025-11-09 16:19:58,Link,192.168.56.1,DELETED,D:/link/Documents\TESTING\test1\file14,
2025-11-09 16:19:58,Link,192.168.56.1,MODIFIED,D:/link/Documents\TESTING\test1,
2025-11-09 16:19:58,Link,192.168.56.1,DELETED,D:/link/Documents\TESTING\test1\file15,
2025-11-09 16:19:58,Link,192.168.56.1,MODIFIED,D:/link/Documents\TESTING\test1,
2025-11-09 16:19:58,Link,192.168.56.1,DELETED,D:/link/Documents\TESTING\test1\file16,
2025-11-09 16:19:58,Link,192.168.56.1,MODIFIED,D:/link/Documents\TESTING\test1,
2025-11-09 16:19:58,Link,192.168.56.1,DELETED,D:/link/Documents\TESTING\test1\file17,
2025-11-09 16:19:58,Link,192.168.56.1,MODIFIED,D:/link/Documents\TESTING\test1,
2025-11-09 16:19:58,Link,192.168.56.1,DELETED,D:/link/Documents\TESTING\test1\file18,
2025-11-09 16:19:58,Link,192.168.56.1,MODIFIED,D:/link/Documents\TESTING\test1,
2025-11-09 16:19:58,Link,192.168.56.1,DELETED,D:/link/Documents\TESTING\test1\file19,
2025-11-09 16:19:58,Link,192.168.56.1,MODIFIED,D:/link/Documents\TESTING\test1,
2025-11-09 16:19:58,Link,192.168.56.1,DELETED,D:/link/Documents\TESTING\test1\file20,
2025-11-09 16:19:58,Link,192.168.56.1,MODIFIED,D:/link/Documents\TESTING\test1,
2025-11-09 16:19:58,Link,192.168.56.1,DELETED,D:/link/Documents\TESTING\test1\file21,
2025-11-09 16:19:58,Link,192.168.56.1,MODIFIED,D:/link/Documents\TESTING\test1,
2025-11-09 16:19:58,Link,192.168.56.1,DELETED,D:/link/Documents\TESTING\test1\file22,
2025-11-09 16:19:58,Link,192.168.56.1,MODIFIED,D:/link/Documents\TESTING\test1,
2025-11-09 16:19:58,Link,192.168.56.1,DELETED,D:/link/Documents\TESTING\test1\file23,
2025-11-09 16:19:58,Link,192.168.56.1,MODIFIED,D:/link/Documents\TESTING\test1,
2025-11-09 16:19:58,Link,192.168.56.1,DELETED,D:/link/Documents\TESTING\test1\file24,
2025-11-09 16:19:58,Link,192.168.56.1,MODIFIED,D:/link/Documents\TESTING\test1,
2025-11-09 16:19:58,Link,192.168.56.1,DELETED,D:/link/Documents\TESTING\test1\file25,
2025-11-09 16:19:58,Link,192.168.56.1,MODIFIED,D:/link/Documents\TESTING\test1,
2025-11-09 16:19:58,Link,192.168.56.1,DELETED,D:/link/Documents\TESTING\test1\file26,
2025-11-09 16:19:58,Link,192.168.56.1,MODIFIED,D:/link/Documents\TESTING\test1,
2025-11-09 16:19:58,Link,192.168.56.1,DELETED,D:/link/Documents\TESTING\test1\file27,
2025-11-09 16:19:58,Link,192.168.56.1,MODIFIED,D:/link/Documents\TESTING\test1,
2025-11-09 16:19:58,Link,192.168.56.1,DELETED,D:/link/Documents\TESTING\test1\file28,
2025-11-09 16:19:58,Link,192.168.56.1,MODIFIED,D:/link/Documents\TESTING\test1,
2025-11-09 16:19:58,Link,192.168.56.1,DELETED,D:/link/Documents\TESTING\test1\file29,
2025-11-09 16:19:58,Link,192.168.56.1,MODIFIED,D:/link/Documents\TESTING\test1,
2025-11-09 16:19:58,Link,192.168.56.1,DELETED,D:/link/Documents\TESTING\test1\file30,
2025-11-09 16:19:58,Link,192.168.56.1,MODIFIED,D:/link/Documents\TESTING\test1,
2025-11-09 16:19:58,Link,192.168.56.1,DELETED,D:/link/Documents\TESTING\test1\file31,
2025-11-09 16:19:58,Link,192.168.56.1,MODIFIED,D:/link/Documents\TESTING\test1,
2025-11-09 16:19:58,Link,192.168.56.1,DELETED,D:/link/Documents\TESTING\test1\file32,
2025-11-09 16:19:58,Link,192.168.56.1,MODIFIED,D:/link/Documents\TESTING\test1,
2025-11-09 16:19:58,Link,192.168.56.1,DELETED,D:/link/Documents\TESTING\test1\file33,
2025-11-09 16:19:58,Link,192.168.56.1,MODIFIED,D:/link/Documents\TESTING\test1,
2025-11-09 16:19:58,Link,192.168.56.1,DELETED,D:/link/Documents\TESTING\test1\file34,
2025-11-09 16:19:58,Link,192.168.56.1,MODIFIED,D:/link/Documents\TESTING\test1,
2025-11-09 16:19:58,Link,192.168.56.1,DELETED,D:/link/Documents\TESTING\test1\file35,
2025-11-09 16:19:58,Link,192.168.56.1,MODIFIED,D:/link/Documents\TESTING\test1,
2025-11-09 16:19:58,Link,192.168.56.1,DELETED,D:/link/Documents\TESTING\test1\file36,
2025-11-09 16:19:58,Link,192.168.56.1,MODIFIED,D:/link/Documents\TESTING\test1,
2025-11-09 16:19:58,Link,192.168.56.1,DELETED,D:/link/Documents\TESTING\test1\file37,
2025-11-09 16:19:58,Link,192.168.56.1,MODIFIED,D:/link/Documents\TESTING\test1,
2025-11-09 16:19:58,Link,192.168.56.1,DELETED,D:/link/Documents\TESTING\test1\file38,
2025-11-09 16:19:58,Link,192.168.56.1,MODIFIED,D:/link/Documents\TESTING\test1,
2025-11-09 16:19:58,Link,192.168.56.1,DELETED,D:/link/Documents\TESTING\test1\file39,
2025-11-09 16:19:58,Link,192.168.56.1,MODIFIED,D:/link/Documents\TESTING\test1,
2025-11-09 16:19:58,Link,192.168.56.1,DELETED,D:/link/Documents\TESTING\test1\file40,
2025-11-09 16:19:58,Link,192.168.56.1,MODIFIED,D:/link/Documents\TESTING\test1,
2025-11-09 16:19:58,Link,192.168.56.1,DELETED,D:/link/Documents\TESTING\test1\file41,
2025-11-09 16:19:58,Link,192.168.56.1,MODIFIED,D:/link/Documents\TESTING\test1,
2025-11-09 16:19:58,Link,192.168.56.1,DELETED,D:/link/Documents\TESTING\test1\file42,
2025-11-09 16:19:58,Link,192.168.56.1,MODIFIED,D:/link/Documents\TESTING\test1,
2025-11-09 16:19:58,Link,192.168.56.1,DELETED,D:/link/Documents\TESTING\test1\file43,
2025-11-09 16:19:58,Link,192.168.56.1,MODIFIED,D:/link/Documents\TESTING\test1,
2025-11-09 16:19:58,Link,192.168.56.1,DELETED,D:/link/Documents\TESTING\test1\file44,
2025-11-09 16:19:58,Link,192.168.56.1,MODIFIED,D:/link/Documents\TESTING\test1,
2025-11-09 16:19:58,Link,192.168.56.1,DELETED,D:/link/Documents\TESTING\test1\file45,
2025-11-09 16:19:58,Link,192.168.56.1,MODIFIED,D:/link/Documents\TESTING\test1,
2025-11-09 16:19:58,Link,192.168.56.1,DELETED,D:/link/Documents\TESTING\test1\file46,
2025-11-09 16:19:58,Link,192.168.56.1,MODIFIED,D:/link/Documents\TESTING\test1,
2025-11-09 16:19:58,Link,192.168.56.1,DELETED,D:/link/Documents\TESTING\test1\file47,
2025-11-09 16:19:58,Link,192.168.56.1,MODIFIED,D:/link/Documents\TESTING\test1,
2025-11-09 16:19:58,Link,192.168.56.1,DELETED,D:/link/Documents\TESTING\test1\file48,
2025-11-09 16:19:58,Link,192.168.56.1,MODIFIED,D:/link/Documents\TESTING\test1,
2025-11-09 16:19:58,Link,192.168.56.1,DELETED,D:/link/Documents\TESTING\test1\file49,
2025-11-09 16:19:58,Link,192.168.56.1,MODIFIED,D:/link/Documents\TESTING\test1,
2025-11-09 16:19:58,Link,192.168.56.1,DELETED,D:/link/Documents\TESTING\test1\file50,
2025-11-09 16:19:58,Link,192.168.56.1,MODIFIED,D:/link/Documents\TESTING\test1,
2025-11-09 16:19:58,Link,192.168.56.1,DELETED,D:/link/Documents\TESTING\test1\file51,
2025-11-09 16:19:58,Link,192.168.56.1,MODIFIED,D:/link/Documents\TESTING\test1,
2025-11-09 16:19:58,Link,192.168.56.1,DELETED,D:/link/Documents\TESTING\test1\file52,
2025-11-09 16:19:58,Link,192.168.56.1,MODIFIED,D:/link/Documents\TESTING\test1,
2025-11-09 16:19:58,Link,192.168.56.1,DELETED,D:/link/Documents\TESTING\test1\file53,
2025-11-09 16:19:58,Link,192.168.56.1,MODIFIED,D:/link/Documents\TESTING\test1,
2025-11-09 16:19:58,Link,192.168.56.1,DELETED,D:/link/Documents\TESTING\test1\file54,
2025-11-09 16:19:58,Link,192.168.56.1,MODIFIED,D:/link/Documents\TESTING\test1,
2025-11-09 16:19:58,Link,192.168.56.1,DELETED,D:/link/Documents\TESTING\test1\file55,
2025-11-09 16:19:58,Link,192.168.56.1,MODIFIED,D:/link/Documents\TESTING\test1,
2025-11-09 16:20:39,Link,192.168.56.1,MODIFIED,D:/link/Documents\TESTING1PURPOSE,
2025-11-09 16:21:28,Link,192.168.56.1,DELETED,D:/link/Documents\TESTING1PURPOSE\dadadada,
2025-11-09 16:21:28,Link,192.168.56.1,MODIFIED,D:/link/Documents\TESTING1PURPOSE,
2025-11-09 16:21:28,Link,192.168.56.1,DELETED,D:/link/Documents\TESTING1PURPOSE\IO Drivers_Intel_30.100.2221.20_W11x64,
2025-11-09 16:21:28,Link,192.168.56.1,MODIFIED,D:/link/Documents\TESTING1PURPOSE,
2025-11-09 16:21:28,Link,192.168.56.1,DELETED,D:/link/Documents\TESTING1PURPOSE\test1,
2025-11-09 16:21:28,Link,192.168.56.1,MODIFIED,D:/link/Documents\TESTING1PURPOSE,
2025-11-09 16:21:28,Link,192.168.56.1,DELETED,D:/link/Documents\TESTING1PURPOSE\10_delete.bat,
2025-11-09 16:21:28,Link,192.168.56.1,MODIFIED,D:/link/Documents\TESTING1PURPOSE,
2025-11-09 16:21:28,Link,192.168.56.1,DELETED,D:/link/Documents\TESTING1PURPOSE\create_10_folder.bat,
2025-11-09 16:21:28,Link,192.168.56.1,MODIFIED,D:/link/Documents\TESTING1PURPOSE,
2025-11-09 16:21:28,Link,192.168.56.1,DELETED,D:/link/Documents\TESTING1PURPOSE\create_30_docs.bat,
2025-11-09 16:21:28,Link,192.168.56.1,MODIFIED,D:/link/Documents\TESTING1PURPOSE,
2025-11-09 16:21:28,Link,192.168.56.1,DELETED,D:/link/Documents\TESTING1PURPOSE\document_1.locked,
2025-11-09 16:21:28,Link,192.168.56.1,MODIFIED,D:/link/Documents\TESTING1PURPOSE,
2025-11-09 16:21:28,Link,192.168.56.1,DELETED,D:/link/Documents\TESTING1PURPOSE\document_2.locked,
2025-11-09 16:21:28,Link,192.168.56.1,MODIFIED,D:/link/Documents\TESTING1PURPOSE,
2025-11-09 16:21:28,Link,192.168.56.1,DELETED,D:/link/Documents\TESTING1PURPOSE\document_3.locked,
2025-11-09 16:21:28,Link,192.168.56.1,MODIFIED,D:/link/Documents\TESTING1PURPOSE,
2025-11-09 16:21:28,Link,192.168.56.1,DELETED,D:/link/Documents\TESTING1PURPOSE\document_4.locked,
2025-11-09 16:21:28,Link,192.168.56.1,MODIFIED,D:/link/Documents\TESTING1PURPOSE,
2025-11-09 16:21:28,Link,192.168.56.1,DELETED,D:/link/Documents\TESTING1PURPOSE\document_5.locked,
2025-11-09 16:21:28,Link,192.168.56.1,MODIFIED,D:/link/Documents\TESTING1PURPOSE,
2025-11-09 16:21:28,Link,192.168.56.1,DELETED,D:/link/Documents\TESTING1PURPOSE\document_6.locked,
2025-11-09 16:21:28,Link,192.168.56.1,MODIFIED,D:/link/Documents\TESTING1PURPOSE,
2025-11-09 16:21:28,Link,192.168.56.1,DELETED,D:/link/Documents\TESTING1PURPOSE\document_7.locked,
2025-11-09 16:21:28,Link,192.168.56.1,MODIFIED,D:/link/Documents\TESTING1PURPOSE,
2025-11-09 16:21:28,Link,192.168.56.1,DELETED,D:/link/Documents\TESTING1PURPOSE\document_8.locked,
2025-11-09 16:21:28,Link,192.168.56.1,MODIFIED,D:/link/Documents\TESTING1PURPOSE,
2025-11-09 16:21:28,Link,192.168.56.1,DELETED,D:/link/Documents\TESTING1PURPOSE\document_9.locked,
2025-11-09 16:21:28,Link,192.168.56.1,MODIFIED,D:/link/Documents\TESTING1PURPOSE,
2025-11-09 16:21:28,Link,192.168.56.1,DELETED,D:/link/Documents\TESTING1PURPOSE\document_10.locked,
2025-11-09 16:21:28,Link,192.168.56.1,MODIFIED,D:/link/Documents\TESTING1PURPOSE,
2025-11-09 16:21:28,Link,192.168.56.1,DELETED,D:/link/Documents\TESTING1PURPOSE\document_11.locked,
2025-11-09 16:21:28,Link,192.168.56.1,MODIFIED,D:/link/Documents\TESTING1PURPOSE,
2025-11-09 16:21:28,Link,192.168.56.1,DELETED,D:/link/Documents\TESTING1PURPOSE\document_12.locked,
2025-11-09 16:21:28,Link,192.168.56.1,MODIFIED,D:/link/Documents\TESTING1PURPOSE,
2025-11-09 16:21:28,Link,192.168.56.1,DELETED,D:/link/Documents\TESTING1PURPOSE\document_13.locked,
2025-11-09 16:21:28,Link,192.168.56.1,MODIFIED,D:/link/Documents\TESTING1PURPOSE,
2025-11-09 16:21:28,Link,192.168.56.1,DELETED,D:/link/Documents\TESTING1PURPOSE\document_14.locked,
2025-11-09 16:21:28,Link,192.168.56.1,MODIFIED,D:/link/Documents\TESTING1PURPOSE,
2025-11-09 16:21:28,Link,192.168.56.1,DELETED,D:/link/Documents\TESTING1PURPOSE\document_15.locked,
2025-11-09 16:21:28,Link,192.168.56.1,MODIFIED,D:/link/Documents\TESTING1PURPOSE,
2025-11-09 16:21:28,Link,192.168.56.1,DELETED,D:/link/Documents\TESTING1PURPOSE\document_16.locked,
2025-11-09 16:21:28,Link,192.168.56.1,MODIFIED,D:/link/Documents\TESTING1PURPOSE,
2025-11-09 16:21:28,Link,192.168.56.1,DELETED,D:/link/Documents\TESTING1PURPOSE\document_17.locked,
2025-11-09 16:21:28,Link,192.168.56.1,MODIFIED,D:/link/Documents\TESTING1PURPOSE,
2025-11-09 16:21:28,Link,192.168.56.1,DELETED,D:/link/Documents\TESTING1PURPOSE\document_18.locked,
2025-11-09 16:21:28,Link,192.168.56.1,MODIFIED,D:/link/Documents\TESTING1PURPOSE,
2025-11-09 16:21:28,Link,192.168.56.1,DELETED,D:/link/Documents\TESTING1PURPOSE\document_19.locked,
2025-11-09 16:21:28,Link,192.168.56.1,MODIFIED,D:/link/Documents\TESTING1PURPOSE,
2025-11-09 16:21:28,Link,192.168.56.1,DELETED,D:/link/Documents\TESTING1PURPOSE\document_20.locked,
2025-11-09 16:21:29,Link,192.168.56.1,MODIFIED,D:/link/Documents\TESTING1PURPOSE,
2025-11-09 16:21:29,Link,192.168.56.1,DELETED,D:/link/Documents\TESTING1PURPOSE\document_21.locked,
2025-11-09 16:21:29,Link,192.168.56.1,MODIFIED,D:/link/Documents\TESTING1PURPOSE,
2025-11-09 16:21:29,Link,192.168.56.1,DELETED,D:/link/Documents\TESTING1PURPOSE\document_22.locked,
2025-11-09 16:21:29,Link,192.168.56.1,MODIFIED,D:/link/Documents\TESTING1PURPOSE,
2025-11-09 16:21:29,Link,192.168.56.1,DELETED,D:/link/Documents\TESTING1PURPOSE\document_23.locked,
2025-11-09 16:21:29,Link,192.168.56.1,MODIFIED,D:/link/Documents\TESTING1PURPOSE,
2025-11-09 16:21:29,Link,192.168.56.1,DELETED,D:/link/Documents\TESTING1PURPOSE\document_24.locked,
2025-11-09 16:21:29,Link,192.168.56.1,MODIFIED,D:/link/Documents\TESTING1PURPOSE,
2025-11-09 16:21:29,Link,192.168.56.1,DELETED,D:/link/Documents\TESTING1PURPOSE\document_25.locked,
2025-11-09 16:21:29,Link,192.168.56.1,MODIFIED,D:/link/Documents\TESTING1PURPOSE,
2025-11-09 16:21:29,Link,192.168.56.1,DELETED,D:/link/Documents\TESTING1PURPOSE\document_26.locked,
2025-11-09 16:21:29,Link,192.168.56.1,MODIFIED,D:/link/Documents\TESTING1PURPOSE,
2025-11-09 16:21:29,Link,192.168.56.1,DELETED,D:/link/Documents\TESTING1PURPOSE\document_27.locked,
2025-11-09 16:21:29,Link,192.168.56.1,MODIFIED,D:/link/Documents\TESTING1PURPOSE,
2025-11-09 16:21:29,Link,192.168.56.1,DELETED,D:/link/Documents\TESTING1PURPOSE\document_28.locked,
2025-11-09 16:21:29,Link,192.168.56.1,MODIFIED,D:/link/Documents\TESTING1PURPOSE,
2025-11-09 16:21:29,Link,192.168.56.1,DELETED,D:/link/Documents\TESTING1PURPOSE\document_29.locked,
2025-11-09 16:21:29,Link,192.168.56.1,MODIFIED,D:/link/Documents\TESTING1PURPOSE,
2025-11-09 16:21:29,Link,192.168.56.1,DELETED,D:/link/Documents\TESTING1PURPOSE\document_30.locked,
2025-11-09 16:21:29,Link,192.168.56.1,MODIFIED,D:/link/Documents\TESTING1PURPOSE,
2025-11-09 16:21:29,Link,192.168.56.1,DELETED,D:/link/Documents\TESTING1PURPOSE\encrypt_doc.bat,
2025-11-09 16:21:29,Link,192.168.56.1,MODIFIED,D:/link/Documents\TESTING1PURPOSE,
2025-11-09 16:21:29,Link,192.168.56.1,DELETED,D:/link/Documents\TESTING1PURPOSE\testing.doc.locked,
2025-11-09 16:21:29,Link,192.168.56.1,MODIFIED,D:/link/Documents\TESTING1PURPOSE,
